Row Labels,Sum of Amount (AED),Average of AED/Sqf,Count of Property Type,Developer
Mercedes Benz Places Binghatti City Tower 5 - Maybach 6 Tower B," 103,631,000 "," 3,741.61 ",59,Binghatti Holding Limited
Mercedes Benz Places Binghatti City Tower 3 - Maybach Ultimate Luxury Tower B," 24,467,000 "," 3,702.99 ",15,Binghatti Holding Limited
Mercedes Benz Places Binghatti City Tower 4 - Maybach 6 Tower A," 75,083,000 "," 3,675.41 ",49,Binghatti Holding Limited
Mercedes Benz Places Binghatti City Tower 1 - Project Maybach," 25,452,000 "," 3,599.26 ",15,Binghatti Holding Limited
Hado by Beyond Tower B," 64,453,180 "," 3,545.35 ",15,Beyond Developments
Breez by Danube," 38,952,140 "," 3,444.98 ",20,Danube Properties
City Walk Crestlane 5 Building A," 96,706,000 "," 3,406.63 ",21,Meraas Development  L.L.C
City Walk Crestlane 4 Building A," 143,897,000 "," 3,378.79 ",33,Meraas Development  L.L.C
City Walk Crestlane 5 Building B," 72,257,000 "," 3,344.57 ",17,Meraas Development  L.L.C
City Walk Crestlane 4 Building B," 72,529,000 "," 3,319.81 ",16,Meraas Development  L.L.C
Hado by Beyond Tower A," 100,545,000 "," 3,169.44 ",28,Beyond Developments
Hado by Beyond Tower C," 56,071,000 "," 3,152.43 ",19,Beyond Developments
Kanyon by Beyond - Canyon by Beyond," 78,758,460 "," 2,910.95 ",26,Omniyat Properties
Creek Bay Tower A," 58,284,320 "," 2,764.46 ",15,Emaar Properties PJSC
Creek Haven Tower A," 63,796,910 "," 2,710.57 ",21,Emaar Properties PJSC
Altan," 37,676,880 "," 2,345.74 ",10,Emaar Properties PJSC
Wynwood Horizon," 24,254,287 "," 2,331.62 ",10,Imtiaz Real Estate Investment And Development L.L.C
Silva at Green Gate," 30,128,022 "," 2,253.23 ",10,Emaar Properties PJSC
Binghatti Cullinan," 28,674,979 "," 2,225.51 ",21,Binghatti Holding Limited
Greencrest Tower," 26,080,150 "," 2,208.30 ",11,Emaar Properties PJSC
Elmora Residence,11688169,2962.233333,9,Neoterra Residences
Lia Residences,26923000,2980.55,9,Avenew Real Estate Development
Palm Central Residences A,41665000,3568.643333,9,Nakheel PJSC
Palace Residences Hillside A,16694384,2668.15125,8,Emaar Properties PJSC
Safa Gate,15384230,3192.8875,8,Damac Properties
Al Habtoor Tower,26749665.95,2596.981429,7,Al Habtoor Group
Montiva at Green Gate,19454638,2385.447143,7,Emaar Properties PJSC
Franck Muller Yachting by London Gate,10092040,2895.99,6,London Gate Real Estate Development L.L.C
Lyvia by Palace - Green Gate,17300328,2637.568333,6,Emaar Properties PJSC
Palm Central Residences C,29277000,3498.628333,6,Nakheel PJSC
Serenia District - West Residence,12761000,2515.941667,6,Palma Real Estate
Sierra by Iman,5514768.68,2204.313333,6,Iman Developers L.L.C
Avarra - Business Bay Palace Residences,23409622,3485.27,5,Emaar Properties PJSC
Chelsea 2 Tower C,15371610,3162.392,5,Damac Properties
One by Binghatti,17124995,3276.774,5,Binghatti Holding Limited
One Residence,12654000,3147.278,5,Ginco Properties L.L.C
Palm Central Residences B,27320000,3635.034,5,Nakheel PJSC
Peninsula Four Tower A,13181415,2572.826,5,Private Investor
SouleverTower 2 - Jumeirah Peninsula,20538740,3723.116,5,Omniyat Properties
Binghatti Ruby,3852495.8,2440.625,4,Binghatti Holding Limited
Coral by Vision,5628528.98,2284.1625,4,Vision Developments - Vision Platinum Real Estate Development
DWTN Residences - Downtown Residences,10154495,2801.1675,4,Deyaar Development Company
Evergrin House 2,6200111,2429.2225,4,TSZ Group - Object One Real Estate Development L.L.C
Flora Shore,10005820,2698.075,4,Calgary Properties LLC
Mansory Residences - AMAAL 8,9657664,2261.595,4,Amaal Emirates L.L.C
MBL Signature,8548448.05,2524.01,4,MAG Property Development
Albero,13021626,2349.013333,3,Emaar Properties PJSC
Aspirz Tower,2876330,2258.123333,3,Danube Properties
Bayz 101,5885400,2893.18,3,Danube Properties
Binghatti Pinnacle,7049997,2179.06,3,Binghatti Holding Limited
Creek Waters 2,7599407,2428.456667,3,Emaar Properties PJSC
Eden House The Park D,22655151.79,3891.996667,3,H&H Investment and Development
Elvira 2,8820000,2404.34,3,Emaar Properties PJSC
Evergrin House,4148831,2485.423333,3,TSZ Group - Object One Real Estate Development L.L.C
Expo City Al Waha Residences 02 Building 42,10695000,2565.36,3,Expo City
Mercedes Benz Places Binghatti City Tower 2 - Maybach Ultimate Luxury Tower A,7001000,3780.35,3,Binghatti Holding Limited
Rosehill Block B,4965664,2208.84,3,Emaar Properties PJSC
Rove Home Dubai Marina,4303700,3273.363333,3,IRTH Development L.L.C
Skyhills Astra Building 2,2803870,2471.88,3,Hijazi Real Estate Development LLC
Terra Gardens Building 2,6316706,2089.256667,3,Emaar Properties PJSC
The Elysian Residence,5127331,2320.873333,3,New MFOUR Real Estate Development LLC
Trussardi Residences 2 Building 1,2706132,2148.486667,3,Mira Developments
161 Jumeirah Lane,4100001.54,2055.58,2,National Properties
Allegro Park,3399775,2150.85,2,Mill Hill Riviera Development LLC
Amber by Enso,2667000,2143.12,2,ENSO Development
Aquora by Casa Vista,4653228,3015.645,2,Casa Vista Development LLC
Ayaan Heights 1,3519380,2254.835,2,MAG Property Development
Azizi Venice 6 Building A,1467650,2077.205,2,Azizi Developments
Azizi Venice 7 C,1455000,2070.665,2,Azizi Developments
Binghatti Hillside,1616998,2145.57,2,Binghatti Holding Limited
Binghatti Skyrise Tower 2,1990000,2255.76,2,Binghatti Holding Limited
Club Place A,6925776,2197.685,2,Emaar Properties PJSC
Damac Bay - Tower C,7599040,3897.5,2,Damac Properties
Diamondz By Danube,5200020,2348.075,2,Danube Properties
Elle Residences,6653554,3222.285,2,ANAX Developments
Expo City Al Waha Residences 01 Building 21,6982000,2515.195,2,Expo City
Flow Residences,4211650,2344.36,2,Main Realty Real Estate L.L.C
Golf Heights,8150000,2675.95,2,Emaar Properties PJSC
La Vue Residence,4645440,2243.215,2,Maaia Developers
Maravelle 1 at Capria East Ghaf Woods,12800000,2240.9,2,Majid Al Futtaim (MAF Group)
Mercer House North Tower,5848656,2674.01,2,Ellington Properties Development L.L.C
Mercer House South Tower,10427656,2547.85,2,Ellington Properties Development L.L.C
Nautica One,5282500,2601.485,2,Select Group
Ocean Tower,5190000,2285.565,2,Ahmed Al Ansari Real Estate Development LLC
One B Tower (One Billion Tower),4964000,3639.83,2,Al Wasl Properties PJSC
Park Views Residences B,5884554,2095.62,2,Al Wasl Properties PJSC
Peninsula Four Tower B,5895000,2518.505,2,Private Investor
Royal Regency Suites 1,2800367,2126.88,2,Al Seeb Real Estate Development
Sera 2 at Mina Rashid Building A,5386776,2592.225,2,Emaar Properties PJSC
Sera 2 at Mina Rashid Building B,5268518,2584.89,2,Emaar Properties PJSC
Skyhills Astra Building 1,1828000,2416.06,2,Hijazi Real Estate Development LLC
St. Regis Residences Tower 1,7850000,3320.435,2,Emaar Properties PJSC
The Edge,3471000,2340.385,2,Select Group
Tonino Lamborghini 4,4708737,2474.98,2,Gulf Land Property Developers
Villea West,2406141,2400,2,
Aba Lux Living - Kempinski Marina Residences,4050152,2402.43,1,ABA Group
Address Residences Dubai Hills Estate Tower B,2064750,2750.11,1,Emaar Properties PJSC
Address Residences Zabeel Tower 3,4032890,2869.23,1,Emaar Properties PJSC
Address Residences Zabeel Tower 4,2104888,2744.16,1,Emaar Properties PJSC
Aeternitas Tower - London Gate,3745000,2321.63,1,London Gate Real Estate Development L.L.C
Allegro Residences,3176329,2400.07,1,Mill Hill Riviera Development LLC
Arka Enclave Residences,2559446,2129.29,1,Manodev Real Estate Development LLC
Auresta Tower,737840.25,2217.63,1,Tiger Properties - Tiger Real Estate
Azizi Venice 6 Building H,841500,2330.87,1,Azizi Developments
Azizi Venice 8 A,730000,2108.79,1,Azizi Developments
Bayline,2500000,2050.1,1,Emaar Properties PJSC
Baystar by Vida Tower 1,4728888,3866.27,1,Emaar Properties PJSC
Bayview Boulevard,2042912,2128.66,1,AB Developers
Beach Residences Dubai Islands B2,2450000,2442.96,1,Nakheel PJSC
Beach Walk Grand 2,2384005,2834.76,1,Imtiaz Real Estate Investment And Development L.L.C
Binghatti Aquarise Tower B,1189999,2809.49,1,Binghatti Holding Limited
Binghatti Aquarise Tower C,2306999,2838.75,1,Binghatti Holding Limited
Binghatti Aquarise Tower D,2332999,2870.74,1,Binghatti Holding Limited
Binghatti Flare Building 2,855999,2229.44,1,Binghatti Holding Limited
Binghatti Ivory,2664374,2115.25,1,Binghatti Holding Limited
Binghatti Moonlight,1909999,2044.51,1,Binghatti Holding Limited
Binghatti Skyblade,4754999,3771.45,1,Binghatti Holding Limited
Binghatti Skyrise Tower 1,1030000,2373.25,1,Binghatti Holding Limited
Binghatti Skyrise Tower 3,2800000,2897.05,1,Binghatti Holding Limited
Binghatti Twilight,1821000,2082.15,1,Binghatti Holding Limited
Bluewaters Bay - Building 2,2773000,3463.07,1,Meraas Development  L.L.C
Canal Crown 1,3490000,2684.24,1,Damac Properties
Canal Heights 2,3476160,2649.68,1,Damac Properties
Casagrand Hermina,3095045.76,2495.98,1,Casagrand Developers LLC
Chelsea 2 Tower A,5628000,2751.57,1,Damac Properties
Chelsea Residences B,4683690,2973.18,1,Damac Properties
Chic Tower by de GRISOGONO,1050000,2154.79,1,Damac Properties
Coastal Haven,1845000,2221.99,1,Prestige One Developments - Prestige One Luxury Real Estate LL
Creek Waters,2862961.95,2523.25,1,Emaar Properties PJSC
Damac Bay - Tower B,4029000,3209.6,1,Damac Properties
Damac Bay 2 By Cavalli Tower B,6886000,4073.64,1,Damac Properties
Damac City - Safa One Tower A,2900000,2357.51,1,Damac Properties
Distrikt Building 1,3005000,2072.08,1,Majid Al Futtaim Properties
DoubleTree by Hilton Residences - West 5,1683930.67,2335.99,1,West F5 Development LLC
Dreamlife Residences,1728031,2060.56,1,Nova Power Real Estate LLC
Ellington House III,3350000,2492.57,1,Ellington Properties Development L.L.C
Eltiera Heights,2160828,2629.97,1,Ellington Properties Development L.L.C
Emerge Residences,1590000,2324.75,1,Elysian Luxury Real Estate Development LLC
Expo Valley Views 8 - Mahra at Expo Valley Views,1840000,2065.74,1,Expo City
Fairmont Residences Solara Tower,6212000,3029.76,1,SOL Properties
Floarea Breeze,1879060,2096.17,1,Mashriq Elite Real Estate Development LLC
Future Residence,1635981,2136.74,1,True Future Real Estate Development LLC
Golf Hills,1391888,2046.36,1,Emaar Properties PJSC
Golf Residences by Fortimo,2000000,2136.67,1,Fortimo Real Estate Development L.L.C
Greencrest Podium,2951888,2171.14,1,Binghatti Holding Limited
Grove Ridge Building 1,2626888,2047.52,1,Emaar Properties PJSC
Hillsedge 1,2713888,2381.02,1,Emaar Properties PJSC
Hillsedge 2,1884888,2649.57,1,Emaar Properties PJSC
ICONIC Tower by Mered,7765539.78,4804.13,1,Mered Residences Real Estate L.L.C
Imtiaz Symphony Tower,2000000,2220.68,1,Imtiaz Real Estate Investment And Development L.L.C
Keturah Reserve MU-09,4387000,2664.68,1,MAG Property Development
Lamaa 2,5800000,3190.44,1,Dubai Holding
Laurel,2095000,2775.28,1,Meraas Development  L.L.C
Maimoon Gardens Tower B,1400000,2286.22,1,Fakhruddin Properties
Meriden Beach Residences,2081520,2192.24,1,Green Horizon Real Estate Development LLC
Mirdad One,792504,2099.98,1,Union Properties
Mirdad Two,1470610,2109.68,1,Union Properties
Nautica Two,1673000,2720.56,1,Select Group
Nourelle 1 - Madinat Jumeirah Living,5238000,4122.87,1,Meraas Development  L.L.C
One River Point,1505828,3088.19,1,Ellington Properties Development L.L.C
Orise Tower 1,2599050,3143.98,1,Beyond Developments
Palace Residences 3,1980000,2665.12,1,Emaar Properties PJSC
Palm Beach Tower 1,4900000,3214.38,1,Nakheel PJSC
Parkway by Prestige One,2783900,2139.57,1,Prestige One Developments - Prestige One Luxury Real Estate LL
Residences Du Port - Autograph Collection Residences,4600000,3247.1,1,Emaar Properties PJSC
Rosehill Block A,3300888,2325.82,1,Emaar Properties PJSC
Rove Home Residences by IRTH,1500000,3726.03,1,IRTH Development L.L.C
Royal Yacht Club Residences Tower B,2626044.31,3130.57,1,Azimuth Developments LLc
Saba Towers 4,2580000,2899.68,1,SABA Properties JLT
Samana Barari Heights,894000.01,2117.66,1,Samana Developers
Samana Ocean Bay Building 2,3449600,2315.41,1,Samana Developers
Serenia Living - Tower 1,7000000,3714.6,1,Palma Real Estate
Society House Downtown Dubai,2148419,2904.86,1,Invest Group Overseas (IGO)
St. Regis Residences Tower 2,3850000,2883.77,1,Emaar Properties PJSC
Sunset Bay Grand,2344004.35,2417.44,1,Imtiaz Real Estate Investment And Development L.L.C
Talea by Beyond,4316000,3035.55,1,Beyond Developments
The Cove ll Building 8,6000000,3282.77,1,Emaar Properties PJSC
The Edge 2,1456000,2538.29,1,Select Group
The Quayside,3488828,2520.57,1,Ellington Properties Development L.L.C
Tonino Lamborghini 1,2222694,2699.96,1,Gulf Land Property Developers
Tonino Lamborghini 2,2275750,2499.97,1,Gulf Land Property Developers
Treppan Serenique Building 2,3153000,3215.02,1,Fakhruddin Properties
Urban Life,2004466.52,2345.33,1,Urban Properties Development L.L.C
Velos Residence,811673,2271.96,1,City View Urban Real Estate Development LLC
Viewz 2 By Danube,1545000,2095.08,1,Danube Properties
,,,,
,,,,
,,,,
,,,,
,,,,
